Provinsi;Kab/Kota;Indeks Pembangunan Manusia;Persentase Penduduk Miskin (P0) Menurut Kabupaten/Kota (Persen);Rata-rata Lama Sekolah Penduduk 15+ (Tahun);Pengeluaran per Kapita Disesuaikan (Ribu Rupiah/Orang/Tahun);Umur Harapan Hidup (Tahun);Tingkat Pengangguran Terbuka;Tingkat Partisipasi Angkatan Kerja
ACEH;Simeulue;"66,41";"18,98";"9,48";7148;"65,28";"5,71";"71,15"
ACEH;Aceh Singkil;"69,22";"20,36";"8,68";8776;"67,43";"8,36";"62,85"
ACEH;Aceh Selatan;"67,44";"13,18";"8,88";8180;"64,4";"6,46";"60,85"
ACEH;Aceh Tenggara;"69,44";"13,41";"9,67";8030;"68,22";"6,43";"69,62"
ACEH;Aceh Timur;"67,83";"14,45";"8,21";8577;"68,74";"7,13";"59,48"
ACEH;Aceh Tengah;"73,37";"15,26";"9,86";10780;"68,86";"2,61";"76,3"
ACEH;Aceh Barat;"71,67";"18,81";"9,55";9593;"67,99";"7,09";"60,05"
ACEH;Aceh Besar;"73,58";"14,05";"10,33";9644;"69,79";"7,7";"61,67"
ACEH;Pidie;"70,7";"19,59";9;9860;"66,95";"7,28";"60,29"
ACEH;Bireuen;"72,33";"13,25";"9,29";8867;"71,26";"4,32";"65,91"
ACEH;Aceh Utara;"69,46";"17,43";"8,64";8201;"68,81";"8,31";"58,47"
ACEH;Aceh Barat Daya;"66,99";"16,34";"8,67";8428;"65,06";"4,04";"57,91"
ACEH;Gayo Lues;"67,56";"19,64";"8,4";8856;"65,53";"1,84";"78,99"
ACEH;Aceh Tamiang;"69,48";"13,34";"8,91";8367;"69,63";"5,87";"66,43"
ACEH;Nagan Raya;"69,31";"18,23";"8,69";8292;"69,24";"4,99";"64,99"
ACEH;Aceh Jaya;"69,84";"13,23";"8,71";9666;"67,19";"3,47";"72,59"
ACEH;Bener Meriah;"73,27";"19,16";10;11118;"69,26";"1,24";"77,53"
ACEH;Pidie Jaya;"73,6";"19,55";"9,34";10290;"70,18";"3,57";"57,77"
ACEH;Kota Banda Aceh;"85,71";"7,61";"12,83";16891;"71,52";"8,94";63
ACEH;Kota Sabang;"76,11";"15,32";"11,18";11378;"70,56";"3,56";"63,71"
ACEH;Kota Langsa;"77,44";"10,96";"11,12";12067;"69,43";"7,21";"67,04"
ACEH;Kota Lhokseumawe;"77,57";"11,16";"11,11";11390;"71,64";"11,16";"63,91"
ACEH;Kota Subulussalam;"65,27";"17,65";"8,03";7385;"64,07";"6,26";"63,78"
SUMATERA UTARA;Nias;"62,74";"16,82";"5,64";6995;"69,78";"3,12";"81,79"
SUMATERA UTARA;Mandailing Natal;"67,19";"9,49";"8,63";9771;"62,65";"6,12";"69,79"
SUMATERA UTARA;Tapanuli Selatan;"70,33";"8,8";"9,29";11304;"64,97";4;"74,38"
SUMATERA UTARA;Tapanuli Tengah;"69,61";"12,67";"8,84";10138;"67,24";"7,24";"75,05"
SUMATERA UTARA;Tapanuli Utara;"73,76";"9,72";"9,99";11710;"68,76";"1,54";"82,63"
SUMATERA UTARA;Toba Samosir;"75,39";"8,99";"10,57";12224;"70,29";"0,83";"80,38"
SUMATERA UTARA;Labuhan Batu;"72,09";"8,74";"9,25";11212;"69,95";"5,66";"61,84"
SUMATERA UTARA;Asahan;"70,49";"9,35";"8,8";11030;"68,37";"6,39";"63,02"
SUMATERA UTARA;Simalungun;"73,4";"8,81";"9,61";11376;"71,37";"4,17";"72,55"
SUMATERA UTARA;Dairi;"71,84";"8,31";"9,59";10504;"69,19";"1,49";"85,73"
SUMATERA UTARA;Karo;"74,83";"8,79";10;12412;"71,58";"1,95";"84,56"
SUMATERA UTARA;Deli Serdang;"75,53";"4,01";"10,1";12291;"71,77";"9,13";"66,78"
SUMATERA UTARA;Langkat;"71,35";"10,12";"8,66";11142;"68,97";"5,12";"69,12"
SUMATERA UTARA;Nias Selatan;"62,35";"16,92";"6,06";7041;"68,86";"3,91";"72,25"
SUMATERA UTARA;Humbang Hasundutan;"69,41";"9,65";"9,71";8016;"69,51";"1,94";"84,17"
SUMATERA UTARA;Pakpak Bharat;"67,94";"9,35";"9,14";8254;"65,96";"1,36";"87,7"
SUMATERA UTARA;Samosir;"70,83";"12,68";"9,44";8504;"71,41";"0,7";"84,38"
SUMATERA UTARA;Serdang Bedagai;"70,56";"8,3";"8,69";11017;"68,82";"3,93";"66,75"
SUMATERA UTARA;Batu Bara;"68,58";"12,38";"8,07";10539;"67,13";"6,62";70
SUMATERA UTARA;Padang Lawas Utara;"70,11";"9,92";"9,38";10055;"67,22";"3,19";"76,82"
SUMATERA UTARA;Padang Lawas;"68,64";"8,69";"9,02";8921;"67,13";"4,07";"75,23"
SUMATERA UTARA;Labuhan Batu Selatan;"71,69";"8,53";"8,9";11562;"68,81";"4,71";"66,38"
SUMATERA UTARA;Labuhan Batu Utara;"71,87";"10,02";"8,41";11840;"69,56";"5,74";"65,73"
SUMATERA UTARA;Nias Utara;"62,82";"25,66";"6,77";6155;"69,55";3;"74,27"
SUMATERA UTARA;Nias Barat;"61,99";"26,42";"6,69";5924;"69,08";"0,74";"82,08"
SUMATERA UTARA;Kota Sibolga;"73,94";"12,33";"10,41";11540;"69,25";"8,72";"71,19"
SUMATERA UTARA;Kota Tanjung Balai;"68,94";"13,4";"9,45";11225;"63,44";"6,59";"66,57"
SUMATERA UTARA;Kota Pematang Siantar;"79,17";"8,52";"11,29";12436;"73,77";11;"68,8"
SUMATERA UTARA;Kota Tebing Tinggi;"75,42";"10,3";"10,44";12939;"70,95";"8,37";"67,19"
SUMATERA UTARA;Kota Medan;"81,21";"8,34";"11,48";14999;"73,23";"10,81";"62,16"
SUMATERA UTARA;Kota Binjai;"76,01";"5,81";"10,94";11063;"72,45";"7,86";"62,77"
SUMATERA UTARA;Kota Padangsidimpuan;"75,48";"7,53";"11,09";10965;"69,5";"7,18";"68,69"
SUMATERA UTARA;Kota Gunungsitoli;"69,61";"16,45";"8,62";8134;"71,32";"4,8";"62,95"
SUMATERA BARAT;Kepulauan Mentawai;"61,35";"14,84";"7,2";6321;"64,73";"2,79";"82,57"
SUMATERA BARAT;Pesisir Selatan;"70,03";"7,92";"8,27";9270;"70,96";"5,97";"66,59"
SUMATERA BARAT;Solok;"69,24";"8,01";"7,87";10215;"68,79";"4,67";"71,21"
SUMATERA BARAT;Sijunjung;"67,86";"6,8";"8,12";10389;"66,36";"3,57";"70,06"
SUMATERA BARAT;Tanah Datar;"72,46";"4,54";"8,62";10616;"70,12";"4,63";"66,88"
SUMATERA BARAT;Padang Pariaman;"70,76";"7,22";"7,88";11050;"68,97";"8,41";"64,64"
SUMATERA BARAT;Agam;"72,57";"6,85";"8,97";9662;"72,53";"5,06";"66,49"
SUMATERA BARAT;Lima Puluh Kota;"69,68";"7,29";"8,07";9668;"69,84";"2,25";"71,33"
SUMATERA BARAT;Pasaman;"66,77";"7,48";"8,1";8440;"67,59";"4,92";"69,35"
SUMATERA BARAT;Solok Selatan;"69,23";"7,52";"8,32";10367;"68,01";"4,84";"72,11"
SUMATERA BARAT;Dharmasraya;"71,76";"6,67";"8,55";11324;"71,53";5;"73,04"
SUMATERA BARAT;Pasaman Barat;"68,76";"7,51";"8,27";9089;"67,94";"5,02";"66,93"
SUMATERA BARAT;Kota Padang;"82,9";"4,94";"11,59";14540;"73,69";"13,37";"63,78"
SUMATERA BARAT;Kota Solok;"78,41";"3,12";"11,04";12168;"73,73";"5,15";"66,51"
SUMATERA BARAT;Kota Sawah Lunto;"72,88";"2,38";"10,32";10195;"70,1";"6,38";"68,05"
SUMATERA BARAT;Kota Padang Panjang;"77,97";"5,92";"11,63";10754;"72,82";"4,9";"65,94"
SUMATERA BARAT;Kota Bukittinggi;"80,7";"5,14";"11,34";13331;"74,5";"6,09";"67,42"
SUMATERA BARAT;Kota Payakumbuh;"79,08";"6,16";"10,81";13317;"73,84";"6,47";"71,73"
SUMATERA BARAT;Kota Pariaman;"77,07";"4,38";"10,67";12818;"70,38";"6,09";"62,7"
RIAU;Kuantan Singingi;"70,6";"8,97";"8,75";10309;"68,6";"2,06";"67,02"
RIAU;Indragiri Hulu;"70,01";"6,18";"8,39";10260;"70,26";"3,32";"68,45"
RIAU;Indragiri Hilir;"66,63";"6,18";"7,24";9945;"67,98";"2,66";"68,56"
RIAU;Pelalawan;"72,08";"9,63";"8,7";11672;"71,24";"2,34";"69,18"
RIAU;Siak;"73,98";"5,18";"9,86";11807;"71,13";"4,34";"64,69"
RIAU;Kampar;"73,02";"7,82";"9,27";10858;"70,83";"4,27";"63,06"
RIAU;Rokan Hulu;"69,67";"10,4";"8,54";9406;"70,18";"2,25";"66,5"
RIAU;Bengkalis;"73,58";"6,64";"9,7";11415;"71,24";"6,63";"66,76"
RIAU;Rokan Hilir;"69,34";"7,18";"8,26";9417;"70,39";"3,25";"60,74"
RIAU;Kepulauan Meranti;"65,7";"25,68";"7,84";7780;"67,78";"4,43";"65,6"
RIAU;Kota Pekanbaru;"81,58";"2,83";"11,92";14360;"72,41";"8,29";"61,61"
RIAU;Kota Dumai;"74,75";"3,42";"10,14";11818;"70,98";"6,29";"64,91"
JAMBI;Kerinci;"71,45";"7,71";"8,56";10184;70;"2,32";"70,9"
JAMBI;Merangin;"69,53";"9,11";"7,9";10380;"71,29";"4,83";"69,85"
JAMBI;Sarolangun;"70,25";"8,87";"8,04";11792;"69,21";"5,52";"64,86"
JAMBI;Batang Hari;"70,11";"10,05";"8,12";10032;"70,64";"4,26";"68,81"
JAMBI;Muaro Jambi;"69,55";"4,53";"8,58";8825;"71,32";"5,59";"62,78"
JAMBI;Tanjung Jabung Timur;"64,91";"11,39";"6,92";9163;"66,34";"1,56";"71,22"
JAMBI;Tanjung Jabung Barat;"68,16";"10,75";8;9699;"68,17";"2,53";"73,89"
JAMBI;Tebo;"69,35";"6,68";"7,59";10546;"70,02";"2,83";"70,65"
JAMBI;Bungo;"70,15";"6,23";"8,28";11670;"67,83";"5,86";"63,58"
JAMBI;Kota Jambi;"79,12";"9,02";"11,2";12240;"72,71";"10,66";"63,12"
JAMBI;Kota Sungai Penuh;"75,7";"3,41";"10,33";10454;"72,21";3;"64,92"
SUMATERA SELATAN;Ogan Komering Ulu;"69,6";"12,62";"8,71";10040;"68,24";"4,57";"69,96"
SUMATERA SELATAN;Ogan Komering Ilir;"67,17";"14,68";"7,05";10755;"68,67";"3,01";"69,68"
SUMATERA SELATAN;Muara Enim;"68,86";"12,32";"7,8";10995;"69,02";"5,03";"69,57"
SUMATERA SELATAN;Lahat;"67,58";"16,46";"8,52";9735;"66,16";"3,6";"69,54"
SUMATERA SELATAN;Musi Rawas;"67,01";"13,89";"7,53";9550;"68,26";"2,78";"70,53"
SUMATERA SELATAN;Musi Banyuasin;"68,1";"15,84";"7,63";10140;"68,84";"3,99";"69,18"
SUMATERA SELATAN;Banyu Asin;"67,13";"10,75";"7,44";9860;"69,06";"3,84";"65,54"
SUMATERA SELATAN;Ogan Komering Ulu Selatan;"65,34";"11,12";"7,85";8585;"67,07";"3,23";"76,17"
SUMATERA SELATAN;Ogan Komering Ulu Timur;"69,58";"10,6";"7,56";11531;"69,17";"3,18";"71,31"
SUMATERA SELATAN;Ogan Ilir;"67,17";"13,82";"7,87";10454;"65,6";"3,07";"68,48"
SUMATERA SELATAN;Empat Lawang;"65,39";"13,35";"7,64";9400;"65,13";"2,41";"72,3"
SUMATERA SELATAN;Penukal Abab Lematang Ilir;"64,88";"12,91";"7,05";8210;"68,33";"3,61";"73,13"
SUMATERA SELATAN;Musi Rawas Utara;"64,93";"20,11";"7,09";9855;"65,76";"6,72";"69,69"
SUMATERA SELATAN;Kota Palembang;"78,72";"11,34";"10,75";14704;"71,01";"10,11";"63,93"
SUMATERA SELATAN;Kota Prabumulih;"74,67";"12,2";"9,97";12752;"70,47";"5,86";"69,41"
SUMATERA SELATAN;Kota Pagar Alam;"68,68";"9,4";"9,4";8877;"66,85";"1,64";"74,2"
SUMATERA SELATAN;Kota Lubuklinggau;"74,89";"13,23";"9,9";13267;"69,39";"6,27";"73,6"
BENGKULU;Bengkulu Selatan;"70,75";"18,16";"9,27";9916;"67,93";"2,55";"73,95"
BENGKULU;Rejang Lebong;"70,77";"15,85";"8,33";10323;"68,75";"2,45";"76,09"
BENGKULU;Bengkulu Utara;"69,28";"11,61";"8,09";10410;"68,27";"3,51";"67,62"
BENGKULU;Kaur;"67,17";"18,62";"8,38";8638;"66,73";"3,45";"69,28"
BENGKULU;Seluma;"67,03";"18,72";8;8256;"67,9";"3,44";"70,13"
BENGKULU;Mukomuko;"68,64";"11,93";"8,3";10405;"66,73";"3,68";"64,11"
BENGKULU;Lebong;"67,46";12;"8,18";11317;"63,4";"3,18";"72,01"
BENGKULU;Kepahiang;"68,62";"14,83";"8,29";9377;"68,08";"1,89";"75,59"
BENGKULU;Bengkulu Tengah;"67,96";"9,68";"7,48";9471;"68,19";"4,07";"67,32"
BENGKULU;Kota Bengkulu;"80,54";"17,89";"11,8";14108;"70,2";"6,35";"65,42"
LAMPUNG;Lampung Barat;"67,9";"12,82";"8,07";9969;"67,65";"2,83";"83,23"
LAMPUNG;Tanggamus;"66,65";"11,81";"7,34";9266;"68,67";"2,93";"68,76"
LAMPUNG;Lampung Selatan;"68,49";"14,19";"7,7";9931;"69,42";"5,27";"66,05"
LAMPUNG;Lampung Timur;"69,66";"15,08";"7,77";10026;"70,78";"3,05";"68,67"
LAMPUNG;Lampung Tengah;"70,23";"11,99";"7,59";11259;"69,87";"4,31";"72,26"
LAMPUNG;Lampung Utara;"67,89";"19,63";"8,34";8737;"69,3";"6,14";"66,7"
LAMPUNG;Way Kanan;"67,57";"13,09";"7,71";9173;"69,46";"3,36";"74,78"
LAMPUNG;Tulangbawang;"68,73";"9,67";"7,55";10735;"70,01";"4,1";"68,32"
LAMPUNG;Pesawaran;"66,14";"15,11";"7,71";7934;"69,15";"4,19";"65,42"
LAMPUNG;Pringsewu;"70,45";"10,11";"8,39";10302;"70,27";"4,85";"67,03"
LAMPUNG;Mesuji;"64,04";"7,54";"7,08";7980;"68,26";"3,42";"69,21"
LAMPUNG;Tulang Bawang Barat;"66,22";"8,32";"7,39";8422;"70,03";"3,35";"72,32"
LAMPUNG;Pesisir Barat;"64,3";"14,81";"8,19";8533;"63,66";"3,08";"74,62"
LAMPUNG;Kota Bandar Lampung;"77,58";"9,11";"10,95";12247;"71,42";"8,85";"67,18"
LAMPUNG;Kota Metro;"77,49";"8,93";"10,97";11916;"71,66";5;"66,71"
KEP. BANGKA BELITUNG;Bangka;"72,46";"4,81";"8,25";12424;"71,14";"5,97";"62,68"
KEP. BANGKA BELITUNG;Belitung;"72,57";"7,15";"8,47";13563;"71,1";"3,51";"66,28"
KEP. BANGKA BELITUNG;Bangka Barat;"69,6";"2,75";"7,44";12269;"70,08";"3,83";"65,98"
KEP. BANGKA BELITUNG;Bangka Tengah;"70,89";"5,13";"7,2";12945;"71,52";"4,95";"66,24"
KEP. BANGKA BELITUNG;Bangka Selatan;"67,06";"3,69";"6,71";11768;"68,35";"5,29";"68,96"
KEP. BANGKA BELITUNG;Belitung Timur;"71,42";"7,2";"8,47";11760;"72,1";"3,78";"69,23"
KEP. BANGKA BELITUNG;Kota Pangkal Pinang;"78,57";"4,76";"10,13";15716;"73,41";"6,81";"65,16"
KEPULAUAN RIAU;Karimun;"71,7";"6,85";"8,18";11879;"71,11";"7,2";"60,86"
KEPULAUAN RIAU;Bintan;"74,57";"6,42";"8,67";14393;"70,46";"8,62";"63,19"
KEPULAUAN RIAU;Natuna;"73,09";"4,95";"8,92";14711;"65,31";"5,15";"72,31"
KEPULAUAN RIAU;Lingga;"65,83";"13,93";"6,88";11938;"62,39";"4,23";"64,49"
KEPULAUAN RIAU;Kepulauan Anambas;"69,23";"7,09";"7,34";11950;"67,36";"1,27";"70,3"
KEPULAUAN RIAU;Kota Batam;"81,12";"5,05";"11,15";18034;"73,36";"11,64";"71,06"
KEPULAUAN RIAU;Kota Tanjung Pinang;"78,93";"9,57";"10,26";15439;"72,18";"6,31";"60,56"
DKI JAKARTA;Kepulauan Seribu;"72,1";"15,06";"8,81";12587;"68,99";"8,58";"65,45"
DKI JAKARTA;Kota Jakarta Selatan;"84,9";"3,56";"11,64";23888;"74,2";"7,33";"61,44"
DKI JAKARTA;Kota Jakarta Timur;"82,97";"4,28";"11,67";17733;"74,54";"8,23";"60,85"
DKI JAKARTA;Kota Jakarta Pusat;"81,56";"4,94";"11,39";17365;"74,19";"7,75";"63,17"
DKI JAKARTA;Kota Jakarta Barat;"81,76";"4,31";"10,78";20801;"73,69";"9,06";"63,21"
DKI JAKARTA;Kota Jakarta Utara;"80,51";"7,24";"10,81";18762;"73,35";"9,84";"65,79"
JAWA BARAT;Bogor;"70,6";"8,13";"8,31";10410;"71,36";"12,22";"62,55"
JAWA BARAT;Sukabumi;"67,07";"7,7";"7,1";8850;"71,21";"9,51";"64,93"
JAWA BARAT;Cianjur;"65,56";"11,18";"7,19";8052;"70,32";"9,32";"67,98"
JAWA BARAT;Bandung;"72,73";"7,15";"9,07";10307;"73,72";"8,32";"65,12"
JAWA BARAT;Garut;"66,45";"10,65";"7,53";7961;"71,59";"8,68";"62,76"
JAWA BARAT;Tasikmalaya;"65,9";"11,15";"7,48";7829;"69,67";"6,16";"68,18"
JAWA BARAT;Ciamis;"70,93";"7,97";"7,9";9259;"72,02";"5,06";"69,83"
JAWA BARAT;Kuningan;"69,71";"13,1";"7,8";9409;"73,78";"11,68";"63,82"
JAWA BARAT;Cirebon;"69,12";"12,3";"7,1";10368;"72,18";"10,38";"64,49"
JAWA BARAT;Majalengka;"67,81";"12,33";"7,31";9591;"70,46";"5,71";"67,63"
JAWA BARAT;Sumedang;"71,8";"10,71";"8,52";10262;"72,62";"9,18";"68,51"
JAWA BARAT;Indramayu;"67,64";"13,04";"6,52";9810;"71,84";"8,3";"69,86"
JAWA BARAT;Subang;"69,13";"10,03";"7,11";10854;"72,58";"9,77";"67,78"
JAWA BARAT;Purwakarta;"70,98";"8,83";"8,1";11669;"71,18";"10,7";"61,13"
JAWA BARAT;Karawang;"70,94";"8,95";"7,78";11522;"72,33";"11,83";"64,19"
JAWA BARAT;Bekasi;"74,45";"5,21";"9,3";11341;"73,81";"10,09";"65,87"
JAWA BARAT;Bandung Barat;"68,29";"11,3";"8,2";8546;"72,52";"11,65";"60,75"
JAWA BARAT;Pangandaran;"68,28";"9,65";"7,85";9065;"71,6";"3,25";"74,75"
JAWA BARAT;Kota Bogor;"76,59";"7,24";"10,53";11716;"73,82";"11,79";"61,77"
JAWA BARAT;Kota Sukabumi;"74,6";"8,25";"9,81";10942;"72,58";"10,78";"56,86"
JAWA BARAT;Kota Bandung;"81,96";"4,37";"10,99";16996;"74,46";"11,46";"65,31"
JAWA BARAT;Kota Cirebon;"75,25";"10,03";"10,12";11810;"72,44";"10,53";"62,87"
JAWA BARAT;Kota Bekasi;"81,95";"4,74";"11,31";15903;"75,19";"10,88";"64,76"
JAWA BARAT;Kota Depok;"81,37";"2,58";"11,46";15420;"74,62";"9,76";"62,62"
JAWA BARAT;Kota Cimahi;"78,06";"5,35";"11,08";12019;"74,21";"13,07";"61,79"
JAWA BARAT;Kota Tasikmalaya;"73,31";"13,13";"9,52";10213;"72,34";"7,66";"65,75"
JAWA BARAT;Kota Banjar;"71,92";"7,11";"8,77";10476;"71,19";"6,09";"64,07"
JAWA TENGAH;Cilacap;"70,42";"11,67";"7,09";10534;"73,9";"9,97";"62,91"
JAWA TENGAH;Banyumas;"72,44";"13,66";"7,63";11546;"73,8";"6,05";"65,07"
JAWA TENGAH;Purbalingga;"69,15";"16,24";"7,25";10032;"73,21";"6,05";"69,52"
JAWA TENGAH;Banjarnegara;"67,86";"16,23";"6,75";9407;"74,28";"5,86";"69,76"
JAWA TENGAH;Kebumen;"70,05";"17,83";"7,55";9028;"73,55";"6,03";"67,76"
JAWA TENGAH;Purworejo;"72,98";"12,4";"8,21";10275;"74,87";"3,59";"73,29"
JAWA TENGAH;Wonosobo;"68,43";"17,67";"6,82";10760;"71,94";"5,26";"70,77"
JAWA TENGAH;Magelang;"70,12";"11,91";"7,79";9440;"73,88";"5,03";"75,78"
JAWA TENGAH;Boyolali;"74,4";"10,62";"7,85";13031;"76,03";"5,09";"75,79"
JAWA TENGAH;Klaten;"76,12";"13,49";"8,81";12017;"76,86";"5,48";"66,89"
JAWA TENGAH;Sukoharjo;"77,13";"8,23";"9,35";11428;"77,73";"3,32";"68,78"
JAWA TENGAH;Wonogiri;"70,49";"11,55";"7,34";9429;"76,28";"2,43";"73,09"
JAWA TENGAH;Karanganyar;"75,99";"10,68";"8,57";11509;"77,55";"5,89";"73,15"
JAWA TENGAH;Sragen;"74,08";"13,83";"7,66";12679;"75,79";"4,76";"71,74"
JAWA TENGAH;Grobogan;"70,41";"12,74";"7,11";10294;"74,84";"4,38";"72,88"
JAWA TENGAH;Blora;"69,37";"12,39";"6,99";9669;"74,51";"3,81";"70,54"
JAWA TENGAH;Rembang;"70,43";"15,8";"7,3";10519;"74,61";"3,67";"70,67"
JAWA TENGAH;Pati;"72,28";"10,21";"7,48";10506;"76,27";"4,6";"68,99"
JAWA TENGAH;Kudus;"75,16";"7,6";"8,76";11272;"76,68";"3,77";"74,77"
JAWA TENGAH;Jepara;"72,36";"7,44";"7,79";10536;"75,91";"4,23";"69,55"
JAWA TENGAH;Demak;"72,57";"12,92";"7,86";10248;"75,46";"5,28";"66,23"
JAWA TENGAH;Semarang;"74,24";"7,82";"8,03";12070;"75,79";"5,02";"74,1"
JAWA TENGAH;Temanggung;"69,88";"10,17";"7,25";9408;"75,64";"2,62";"74,01"
JAWA TENGAH;Kendal;"72,5";"10,24";"7,46";11608;"74,48";"7,55";"69,93"
JAWA TENGAH;Batang;"68,92";"9,68";"6,88";9524;"74,74";"6,59";"71,4"
JAWA TENGAH;Pekalongan;"70,11";"10,57";"7,17";10409;"73,74";"4,28";"71,46"
JAWA TENGAH;Pemalang;"66,56";"16,56";"6,45";8573;"73,53";"6,71";"65,9"
JAWA TENGAH;Tegal;"68,79";"8,6";"6,99";9700;"71,72";"9,97";"66,24"
JAWA TENGAH;Brebes;"66,32";"17,43";"6,22";10152;"69,54";"9,78";"63,97"
JAWA TENGAH;Kota Magelang;"79,43";"7,75";"10,62";12349;"76,93";"8,73";"67,07"
JAWA TENGAH;Kota Surakarta;"82,62";"9,4";"10,9";14911;"77,32";"7,85";"66,89"
JAWA TENGAH;Kota Salatiga;"83,6";"5,14";"10,66";15843;"77,55";"7,26";"70,36"
JAWA TENGAH;Kota Semarang;"83,55";"4,56";"10,78";15425;"77,51";"9,54";"69,41"
JAWA TENGAH;Kota Pekalongan;"75,4";"7,59";"9,18";12598;"74,44";"6,89";"75,77"
JAWA TENGAH;Kota Tegal;"75,52";"8,12";"8,73";13143;"74,54";"8,25";"68,25"
D I YOGYAKARTA;Kulon Progo;"74,71";"18,38";"9,02";10069;"75,27";"3,69";"76,72"
D I YOGYAKARTA;Bantul;"80,28";"14,04";"9,57";15545;"73,89";"4,04";"71,64"
D I YOGYAKARTA;Gunung Kidul;"70,16";"17,69";"7,3";9505;"74,19";"2,2";"75,99"
D I YOGYAKARTA;Sleman;84;"8,64";"10,92";16060;"74,92";"5,17";"73,05"
D I YOGYAKARTA;Kota Yogyakarta;"87,18";"7,69";"11,72";18801;"74,76";"9,13";"71,86"
JAWA TIMUR;Pacitan;"68,57";"15,11";"7,61";8887;"72,07";"2,04";"80,57"
JAWA TIMUR;Ponorogo;"71,06";"10,26";"7,55";9851;"72,85";"4,38";"72,63"
JAWA TIMUR;Trenggalek;"70,06";"12,14";"7,56";9743;"73,86";"3,53";"72,36"
JAWA TIMUR;Tulungagung;"73,15";"7,51";"8,34";10807;"74,16";"4,91";"72,26"
JAWA TIMUR;Blitar;"71,05";"9,65";"7,5";10757;"73,61";"3,66";"70,44"
JAWA TIMUR;Kediri;"72,56";"11,64";"8,08";11127;"72,65";"5,15";"69,34"
JAWA TIMUR;Malang;"70,6";"10,5";"7,43";10163;"72,61";"5,4";"68,49"
JAWA TIMUR;Lumajang;"66,07";"10,05";"6,67";9203;"70,21";"3,51";"66,19"
JAWA TIMUR;Jember;"67,32";"10,41";"6,49";9410;"69,28";"5,44";"68,97"
JAWA TIMUR;Banyuwangi;"71,38";"8,07";"7,42";12217;"70,72";"5,42";"72,32"
JAWA TIMUR;Bondowoso;"66,59";"14,73";"5,94 ";10690;"66,89";"4,46";"73,89"
JAWA TIMUR;Situbondo;"67,78";"12,63";"6,62";9996;"69,24";"3,68";"71,63"
JAWA TIMUR;Probolinggo;"66,26";"18,91";"6,12";10969;"67,36";"4,55";"73,24"
JAWA TIMUR;Pasuruan;"68,93";"9,7";"7,41";10297;"70,25";"6,03";"69,03"
JAWA TIMUR;Sidoarjo;"80,65";"5,93";"10,72";14578;"74,06";"10,87";"66,47"
JAWA TIMUR;Mojokerto;"74,15";"10,62";"8,64";12844;"72,59";"5,54";"70,47"
JAWA TIMUR;Jombang;"73,45";10;"8,55";11394;"72,49";"7,09";"70,69"
JAWA TIMUR;Nganjuk;"71,97";"11,85";"7,78";12172;"71,6";"4,98";"64,24"
JAWA TIMUR;Madiun;"71,88";"11,91";"7,82";11658;"71,5";"4,99";"67,77"
JAWA TIMUR;Magetan;"74,15";"10,66";"8,36";11833;"72,65";"3,86";"73,31"
JAWA TIMUR;Ngawi;"71,04";"15,57";"7,26";11459;"72,41";"4,25";"72,88"
JAWA TIMUR;Bojonegoro;"69,59";"13,27";"7,38";10221;"71,72";"4,82";"71,84"
JAWA TIMUR;Tuban;"68,91";"16,31";"7,18";10380;"71,56";"4,68";"73,77"
JAWA TIMUR;Lamongan;"73,12";"13,86";"8,04";11510;"72,49";"4,9";"70,72"
JAWA TIMUR;Gresik;"76,5";"12,42";"9,56";13280;"72,67";8;"69,43"
JAWA TIMUR;Bangkalan;"64,36";"21,57";"5,96";8673;"70,22";"8,07";"68,66"
JAWA TIMUR;Sampang;"62,8";"23,76";"4,86";8790;"68,07";"3,45";"70,19"
JAWA TIMUR;Pamekasan;"66,4";"15,3";"6,7";8804;"67,67";"3,1";"65,88"
JAWA TIMUR;Sumenep;"67,04";"20,51";"5,92";9000;"71,56";"2,31";"75,63"
JAWA TIMUR;Kota Kediri;"78,6";"7,75";"10,15";12359;"74,04";"6,37";"67,35"
JAWA TIMUR;Kota Blitar;"78,98";"7,89";"10,35";13816;"73,86";"6,61";"69,96"
JAWA TIMUR;Kota Malang;"82,04";"4,62";"10,41";16663;"73,36";"9,65";"67,59"
JAWA TIMUR;Kota Probolinggo;"73,66";"7,44";"8,95";12245;"70,35";"6,55";"69,71"
JAWA TIMUR;Kota Pasuruan;"75,62";"6,88";"9,33";13354;"71,6";"6,23";"71,66"
JAWA TIMUR;Kota Mojokerto;"78,43";"6,39";"10,47";13610;"73,39";"6,87";"67,09"
JAWA TIMUR;Kota Madiun;"81,25";"5,09";"11,37";16095;"72,83";"8,15";"66,87"
JAWA TIMUR;Kota Surabaya;"82,31";"5,23";"10,5";17862;"74,18";"9,68";"67,3"
JAWA TIMUR;Kota Batu;"76,28";"4,09";"9,31";12887;"72,65";"6,57";"73,74"
BANTEN;Pandeglang;"65,17";"10,72";"7,11";8635;"64,79";"7,7";"62,32"
BANTEN;Lebak;"64,03";"10,29";"6,41";8724;"67,33";"7,86";"66,75"
BANTEN;Tangerang;"72,29";"7,12";"10,83";12273;"69,93";"9,06";"63,94"
BANTEN;Serang;"66,82";"5,49";"7,51";10713;"64,76";"10,58";"63,86"
BANTEN;Kota Tangerang;"78,5";"5,93";"10,83";14575;"71,6";"9,07";"64,52"
BANTEN;Kota Cilegon;"73,35";"4,24";"10,08";13041;"66,69";"10,13";"61,37"
BANTEN;Kota Serang;"72,44";"6,79";"8,89";13281;"68,12";"9,41";"62,16"
BANTEN;Kota Tangerang Selatan;"81,6";"2,57";"11,82";15751;"72,47";"8,6";"62,56"
BALI;Jembrana;"72,75";"5,06";"8,35";11675;"72,46";"4,11";"81,26"
BALI;Tabanan;"76,45";"5,12";"9,14";14326;"73,75";"3,94";"74,98"
BALI;Badung;"81,83";"2,62";"10,62";17327;"75,18";"6,93";"72,52"
BALI;Gianyar;"77,7";"4,85";"9,29";14391;"73,78";"6,9";"69,88"
BALI;Klungkung;"71,75";"5,64";"8,14";11287;"71,41";"5,35";"72,83"
BALI;Bangli;"69,37";"5,09";"7,18";11201;"70,62";"1,8";"82,09"
BALI;Karang Asem;"67,36";"6,78";"6,33";10175;"70,56";"2,32";"81,15"
BALI;Buleleng;"72,56";"6,12";"7,25";13362;"71,95";"5,38";"73,08"
BALI;Kota Denpasar;"84,03";"2,96";"11,48";19598;"74,93";"7,02";"68,67"
NUSA TENGGARA BARAT;Lombok Barat;"68,61";"14,47";"6,42";11334;"67,19";"3,32";"70,48"
NUSA TENGGARA BARAT;Lombok Tengah;"66,72";"13,44";"6,29";9962;"66,38";"2,33";"75,05"
NUSA TENGGARA BARAT;Lombok Timur;"66,66";"15,38";"6,71";9450;"66,16";"2,79";"69,48"
NUSA TENGGARA BARAT;Sumbawa;"68,01";"13,91";"8,15";9167;"67,73";"3,39";"66,86"
NUSA TENGGARA BARAT;Dompu;"68,45";"12,6";"8,72";8899;"66,99";"3,02";"67,56"
NUSA TENGGARA BARAT;Bima;"66,66";"14,88";"7,91";8495;"66,5";"1,58";"71,65"
NUSA TENGGARA BARAT;Sumbawa Barat;"71,85";"13,54";"8,72";11548;"68,31";"5,52";"71,02"
NUSA TENGGARA BARAT;Lombok Utara;"64,77";"27,04";"6,04";9057;"67,36";"1,75";"73,43"
NUSA TENGGARA BARAT;Kota Mataram;"79,14";"8,65";"9,54";14999;"71,88";"5,19";"65,61"
NUSA TENGGARA BARAT;Kota Bima;"76,11";"8,88";"10,65";11135;"70,5";"3,56";"75,46"
NUSA TENGGARA TIMUR;Sumba Barat;"63,83";"28,39";"6,84";7307;"67,12";"1,74";"74,14"
NUSA TENGGARA TIMUR;Sumba Timur;"65,74";"29,68";"7,32";9354;"65,16";"3,35";"72,39"
NUSA TENGGARA TIMUR;Kupang;"64,41";"22,98";"7,39";7476;"64,91";"3,99";"73,76"
NUSA TENGGARA TIMUR;Timor Tengah Selatan;"62,16";"26,64";"6,74";6839;"66,46";"2,57";"78,59"
NUSA TENGGARA TIMUR;Timor Tengah Utara;"63,69";"22,62";"7,96";6324;"67,09";"3,88";"78,41"
NUSA TENGGARA TIMUR;Belu;"62,77";"15,68";"7,36";7431;"64,89";"5,35";"70,81"
NUSA TENGGARA TIMUR;Alor;"61,37";"21,09";"8,42";6751;"61,64";"2,59";"72,4"
NUSA TENGGARA TIMUR;Lembata;"64,75";"26,21";"8,23";7257;"67,2";"4,94";"68,24"
NUSA TENGGARA TIMUR;Flores Timur;"64,22";"11,14";"7,72";7578;"65,31";"3,81";"71,8"
NUSA TENGGARA TIMUR;Sikka;"65,41";"13,35";"6,95";8021;"67,45";"4,54";"73,92"
NUSA TENGGARA TIMUR;Ende;"67,3";"24,13";"8,03";9027;"65,43";"2,61";"77,57"
NUSA TENGGARA TIMUR;Ngada;"67,88";"12,58";"8,53";8819;"68,12";"2,99";"72,49"
NUSA TENGGARA TIMUR;Manggarai;"65,01";"20,48";"7,61";7133;"67,11";"3,7";"77,6"
NUSA TENGGARA TIMUR;Rote Ndao;"62,6";"28,08";"7,71";6503;"64,88";"3,67";"74,16"
NUSA TENGGARA TIMUR;Manggarai Barat;"64,17";"17,92";"7,56";7410;"67,46";"4,94";"73,18"
NUSA TENGGARA TIMUR;Sumba Tengah;"61,8";"34,27";"6,47";6061;"68,42";"1,45";"69,12"
NUSA TENGGARA TIMUR;Sumba Barat Daya;"62,29";"28,18";"6,35";6355;"68,57";"2,04";"83,33"
NUSA TENGGARA TIMUR;Nagekeo;"65,82";"12,91";"7,9";8254;"67,25";"0,97";"67,19"
NUSA TENGGARA TIMUR;Manggarai Timur;"61,37";"26,5";"7,35";5780;"68,07";"1,96";"81,95"
NUSA TENGGARA TIMUR;Sabu Raijua;"57,03";"30,13";"6,66";5256;"60,66";"1,25";"68,82"
NUSA TENGGARA TIMUR;Malaka;"60,42";"16,33";"7,1";5861;"65,01";"3,43";"70,1"
NUSA TENGGARA TIMUR;Kota Kupang;"79,74";"9,17";"11,6";13218;"69,73";"9,76";"62,34"
KALIMANTAN BARAT;Sambas;"67,1";"7,66";"6,72";9828;"69,08";"3,97";"72,84"
KALIMANTAN BARAT;Bengkayang;"68,04";"6,48";"6,8";9193;"73,84";"4,42";"70,16"
KALIMANTAN BARAT;Landak;"66,21";"10,99";"7,12";7431;"73,04";"3,22";"70,19"
KALIMANTAN BARAT;Pontianak;"66,03";"5,18";"7,04";7758;"71,18";"7,71";"60,86"
KALIMANTAN BARAT;Sanggau;"66,2";"4,55";"7,39";8328;"71,42";"3,45";"69,41"
KALIMANTAN BARAT;Ketapang;"67,43";"10,13";"7,46";9209;"71,11";"6,94";"64,44"
KALIMANTAN BARAT;Sintang;"66,93";"9,28";"7,08";8708;"71,84";"3,95";"77,78"
KALIMANTAN BARAT;Kapuas Hulu;"65,75";"8,93";"7,53";7168;"72,53";"4,18";"72,35"
KALIMANTAN BARAT;Sekadau;"64,93";"6,26";"6,85";7462;"72,05";"2,92";"71,98"
KALIMANTAN BARAT;Melawi;"65,87";"12,01";"6,91";8415;"72,98";"2,66";"72,31"
KALIMANTAN BARAT;Kayong Utara;"62,9";"9,33";"6,02";7920;"68,48";"3,78";"65,53"
KALIMANTAN BARAT;Kubu Raya;"68,16";"4,34";7;8630;"70,69";"7,02";"67,47"
KALIMANTAN BARAT;Kota Pontianak;"79,93";"4,58";"10,43";14610;"73,12";"12,38";"61,94"
KALIMANTAN BARAT;Kota Singkawang;"72,11";"4,83";"7,9";11767;"72,18";"9,16";"64,31"
KALIMANTAN TENGAH;Kotawaringin Barat;"73,07";"3,95";"8,53";13117;"70,68";"4,7";"70,01"
KALIMANTAN TENGAH;Kotawaringin Timur;"71,38";"5,91";"8,15";11866;"69,9";"5,15";"66,57"
KALIMANTAN TENGAH;Kapuas;"69,63";"5,35";"7,6";11148;"68,78";"4,91";"70,23"
KALIMANTAN TENGAH;Barito Selatan;"70,54";"4,62";"8,95";11492;"67,19";"4,16";"63,48"
KALIMANTAN TENGAH;Barito Utara;"70,79";"5,61";"8,85";9951;"71,3";"5,14";"70,45"
KALIMANTAN TENGAH;Sukamara;"68,27";"3,66";"8,09";8773;"71,56";"4,65";"71,82"
KALIMANTAN TENGAH;Lamandau;"70,58";"3,56";"8,43";11234;"69,39";"2,3";"70,44"
KALIMANTAN TENGAH;Seruyan;"67,67";"7,22";"7,96";9420;"69,26";"4,25";"71,46"
KALIMANTAN TENGAH;Katingan;"68,89";"5,25";"8,68";10568;"65,87";"5,5";"64,38"
KALIMANTAN TENGAH;Pulang Pisau;"68,53";"4,24";"8,19";10082;"68,1";"2,6";"73,45"
KALIMANTAN TENGAH;Gunung Mas;"71,03";"5,35";"9,18";10809;"70,46";"3,11";"69,7"
KALIMANTAN TENGAH;Barito Timur;"71,47";"6,38";"9,23";11322;"68,31";"3,22";"78,4"
KALIMANTAN TENGAH;Murung Raya;"68,12";"6,15";"7,61";10449;"69,53";"3,03";"67,62"
KALIMANTAN TENGAH;Kota Palangka Raya;"80,82";"3,75";"11,53";14070;"73,24";"5,86";"63,3"
KALIMANTAN SELATAN;Tanah Laut;"69,87";"4,57";"7,89";11310;"69,59";"3,52";"72,27"
KALIMANTAN SELATAN;Kota Baru;"69,13";"4,86";"7,46";11720;"69,32";"5,57";"67,5"
KALIMANTAN SELATAN;Banjar;"69,89";"3,04";"7,52";12707;"67,41";"3,98";"70,84"
KALIMANTAN SELATAN;Barito Kuala;"66,64";"5,11";"7,55";9868;"66,27";"3,22";"75,48"
KALIMANTAN SELATAN;Tapin;"70,31";"3,6";"7,77";11952;"70,57";"4,96";"70,31"
KALIMANTAN SELATAN;Hulu Sungai Selatan;"69,21";"4,84";"7,76";12736;"66,12";"2,44";"69,25"
KALIMANTAN SELATAN;Hulu Sungai Tengah;"69,05";"6,18";"8,01";12280;"66,2";"3,76";"70,2"
KALIMANTAN SELATAN;Hulu Sungai Utara;"66,12";"6,83";"7,75";9644;"64,1";"4,8";"71,41"
KALIMANTAN SELATAN;Tabalong;"72,6";"6,27";"9,11";11470;"70,57";"3,43";"71,49"
KALIMANTAN SELATAN;Tanah Bumbu;71;"4,82";"7,97";11844;"70,45";"6,83";"68,29"
KALIMANTAN SELATAN;Balangan;"69,11";"6,07";"7,69";11500;"67,85";"2,44";"75,38"
KALIMANTAN SELATAN;Kota Banjarmasin;"77,57";"4,89";"10,2";14432;"71,29";"8,47";"63,19"
KALIMANTAN SELATAN;Kota Banjar Baru;"79,26";"4,4";"10,96";13789;"72,1";"5,7";"65,95"
KALIMANTAN TIMUR;Paser;"72,93";"9,73";"8,79";10673;"72,88";"5,7";"65,34"
KALIMANTAN TIMUR;Kutai Barat;"72,07";"10,24";"8,7";10062;"73,1";"5,14";"72,53"
KALIMANTAN TIMUR;Kutai Kartanegara;"74,06";"7,99";"9,23";11048;"72,64";"5,66";"64,46"
KALIMANTAN TIMUR;Kutai Timur;"73,81";"9,81";"9,43";10868;"73,46";"5,35";"67,97"
KALIMANTAN TIMUR;Berau;"75,2";"5,88";"9,53";12435;"72,32";"5,82";"65,55"
KALIMANTAN TIMUR;Penajam Paser Utara;"72,01";"7,61";"8,36";11651;"71,68";"2,95";"66,85"
KALIMANTAN TIMUR;Mahakam Hulu;"67,95";"11,9";"8,18";7802;"72,33";"3,14";"74,83"
KALIMANTAN TIMUR;Kota Balikpapan;"80,71";"2,89";"10,91";14862;"74,76";"8,94";"64,29"
KALIMANTAN TIMUR;Kota Samarinda;"80,76";"4,99";"10,49";14582;"74,54";"8,16";"64,29"
KALIMANTAN TIMUR;Kota Bontang;"80,59";"4,62";"10,8";16765;"74,55";"9,92";"66,63"
KALIMANTAN UTARA;Malinau;"72,32";"7,3";"9,4";9928;"71,49";"4,14";"71,49"
KALIMANTAN UTARA;Bulungan;"71,8";"10,03";"9,19";9423;"72,74";"4,54";"68,62"
KALIMANTAN UTARA;Tana Tidung;"67,76";"5,15";"8,8";7676;"71,49";"5,26";"67,35"
KALIMANTAN UTARA;Nunukan;"66,46";"6,79";"8,17";7064;"71,4";"4,24";"66,11"
KALIMANTAN UTARA;Kota Tarakan;"76,23";"6,71";"9,98";11261;"74,04";"4,94";"63,34"
SULAWESI UTARA;Bolaang Mongondow;"68,16";"7,58";"8,03";10220;"69,45";"4,85";"62,06"
SULAWESI UTARA;Minahasa;"75,73";"7,67";"9,73";12481;"71,16";"6,14";"59,41"
SULAWESI UTARA;Kepulauan Sangihe;"71,07";"11,02";"8,34";11524;"70,18";"4,72";"63,6"
SULAWESI UTARA;Kepulauan Talaud;"69,83";9;"9,72";8558;"70,24";"2,3";"79,19"
SULAWESI UTARA;Minahasa Selatan;"72,32";"9,37";"9,09";11554;"70,01";"4,9";"63,04"
SULAWESI UTARA;Minahasa Utara;"74,11";"7,11";10;11481;"71,4";"8,12";"61,99"
SULAWESI UTARA;Bolaang Mongondow Utara;"67,39";"8,03";"8,41";9143;"67,73";"5,23";"64,43"
SULAWESI UTARA;Siau Tagulandang Biaro;"68,05";"8,94";"9,03";8145;"70,87";"3,39";"63,09"
SULAWESI UTARA;Minahasa Tenggara;"71,06";"12,47";"9,11";10479;"70,21";"3,39";"64,87"
SULAWESI UTARA;Bolaang Mongondow Selatan;"65,42";"12,85";"8,15";8939;"64,49";"4,6";"59,05"
SULAWESI UTARA;Bolaang Mongondow Timur;"66,55";"6,1";"7,93";9115;"67,94";"5,99";"65,07"
SULAWESI UTARA;Kota Manado;"79,2";"6,19";"11,42";13991;"71,9";"12,17";"59,08"
SULAWESI UTARA;Kota Bitung;"74,2";"6,43";"9,89";12271;"71,1";"9,96";"62,22"
SULAWESI UTARA;Kota Tomohon;"76,86";"5,69";"10,74";11851;"72,06";"8,84";"57,9"
SULAWESI UTARA;Kota Kotamobagu;"73,47";"5,74";"10,31";10848;"70,6";"7,32";"64,77"
SULAWESI TENGAH;Banggai Kepulauan;"65,61";"13,72";"8,44";7453;"66,59";"2,95";"71,98"
SULAWESI TENGAH;Banggai;"70,6";"7,83";"8,53";9603;"70,88";"3,57";"71,8"
SULAWESI TENGAH;Morowali;"72,29";"13,75";"9,34";11028;"69,23";"5,08";"63,75"
SULAWESI TENGAH;Poso;"71,45";"15,92";"9,5";8850;"71,19";"2,47";"73,54"
SULAWESI TENGAH;Donggala;"65,72";"16,73";"7,98";8002;"67,5";"3,5";"67,47"
SULAWESI TENGAH;Toli-Toli;"66,3";"13,51";"8,76";7947;"66,18";"3,13";"64,04"
SULAWESI TENGAH;Buol;"68,25";"14,06";"9,08";7974;"69,05";"3,64";"67,52"
SULAWESI TENGAH;Parigi Moutong;"65,82";"15,28";"7,74";9675;"64,35";"2,97";"68,82"
SULAWESI TENGAH;Tojo Una-Una;"64,74";"16,6";"8,4";7621;"65,9";"3,44";"74,86"
SULAWESI TENGAH;Sigi;"68,49";"13,05";"8,82";8171;"70,09";"2,38";"70,76"
SULAWESI TENGAH;Banggai Laut;"65,65";"14,17";"8,63";7707;"65,67";"3,35";"61,42"
SULAWESI TENGAH;Morowali Utara;"68,48";"13,9";"8,72";8890;"69,71";"2,98";"68,47"
SULAWESI TENGAH;Kota Palu;"81,7";"7,17";"11,72";14894;"71,09";"7,61";"65,07"
SULAWESI SELATAN;Kepulauan Selayar;"67,76";"12,45";"8,08";9060;"68,52";"2,81";"69,07"
SULAWESI SELATAN;Bulukumba;"69,62";"7,43";"7,82";10632;"68,1";"3,14";"65,46"
SULAWESI SELATAN;Bantaeng;"68,99";"9,41";"6,77";11829;"70,6";"4,07";"74,32"
SULAWESI SELATAN;Jeneponto;"64,56";"14,28";"6,6";9215;"66,49";"2,38";"67,39"
SULAWESI SELATAN;Takalar;"67,72";"8,25";"7,49";10543;"67,3";"3,93";"65,84"
SULAWESI SELATAN;Gowa;"70,29";"7,54";"8,2";9504;"70,45";"4,3";"68,89"
SULAWESI SELATAN;Sinjai;"67,75";"8,84";"7,78";9505;"67,38";"2,61";"71,91"
SULAWESI SELATAN;Maros;"70,41";"9,57";"8,01";11032;"69,04";"6,3";"59,61"
SULAWESI SELATAN;Pangkajene Dan Kepulauan;"69,21";"14,28";"7,92";11519;"66,78";"5,86";"64,43"
SULAWESI SELATAN;Barru;"71,13";"8,68";"8,24";11017;"69,07";"6,74";"58,14"
SULAWESI SELATAN;Bone;"66,4";"10,52";"7,23";9030;"67,21";"4,15";"65,67"
SULAWESI SELATAN;Soppeng;"68,99";"7,53";"7,82";9558;"69,81";"3,92";"58,94"
SULAWESI SELATAN;Wajo;"69,62";"6,46";"7,05";12505;"67,48";"4,32";"64,58"
SULAWESI SELATAN;Sidenreng Rappang;"71,54";"5,04";"7,94";12201;"70,01";"4,93";"58,7"
SULAWESI SELATAN;Pinrang;"71,45";"8,81";"7,87";11956;"69,77";"4,06";"57,78"
SULAWESI SELATAN;Enrekang;"72,91";"12,47";"8,91";10973;"70,93";"2,34";"72,64"
SULAWESI SELATAN;Luwu;"70,85";"12,53";"8,35";10116;"70,44";"4,8";"64,22"
SULAWESI SELATAN;Tana Toraja;"69,49";"12,27";"8,51";7434;"73,4";"3,09";"77,99"
SULAWESI SELATAN;Luwu Utara;"70,02";"13,59";"7,86";11736;"68,67";"3,91";"63,07"
SULAWESI SELATAN;Luwu Timur;"73,34";"6,94";"8,81";12886;"70,63";"4,96";"73,14"
SULAWESI SELATAN;Toraja Utara;"69,75";"11,99";"8,25";8134;"73,41";"2,61";"71,56"
SULAWESI SELATAN;Kota Makassar;"82,66";"4,82";"11,43";17097;"72,13";"13,18";"59,7"
SULAWESI SELATAN;Kota Parepare;"78,21";"5,4";"10,65";13786;"71,31";"6,72";"66,94"
SULAWESI SELATAN;Kota Palopo;"78,38";"8,14";"10,94";13117;"70,92";"8,83";"59,95"
SULAWESI TENGGARA;Buton;"66,32";"13,92";"7,92";7324;"68,39";"4,74";"64,42"
SULAWESI TENGGARA;Muna;"69,17";"13,54";"8,46";8218;"70,41";"4,97";"66,5"
SULAWESI TENGGARA;Konawe;"71,48";"13,03";"9,21";10151;"70,32";"4,56";70
SULAWESI TENGGARA;Kolaka;"73,56";"12,43";"8,99";12525;"71,21";"3,62";"69,83"
SULAWESI TENGGARA;Konawe Selatan;"68,58";"11,34";"8,11";9059;"70,87";"2,14";"71,98"
SULAWESI TENGGARA;Bombana;"66,25";"10,76";"8,04";8310;"69,09";"3,17";"72,77"
SULAWESI TENGGARA;Wakatobi;"69,87";"14,91";"8,16";9280;"70,48";"2,3";"70,63"
SULAWESI TENGGARA;Kolaka Utara;"69,5";"13,79";"8,22";10244;"70,36";"3,18";"79,76"
SULAWESI TENGGARA;Buton Utara;"68,08";"14,89";"8,93";7496;"70,93";3;"75,63"
SULAWESI TENGGARA;Konawe Utara;"70,23";"14,32";"9,3";9181;"69,53";"3,36";"70,6"
SULAWESI TENGGARA;Kolaka Timur;"67,76";"14,35";"7,84";7753;"72,82";"3,44";"74,79"
SULAWESI TENGGARA;Konawe Kepulauan;"65,73";"17,81";"9,42";6738;"68,43";"1,83";"70,76"
SULAWESI TENGGARA;Muna Barat;"65,48";"13,96";"7,3";7502;"70,35";"2,84";"71,96"
SULAWESI TENGGARA;Buton Tengah;"64,55";"15,8";"7,31";7244;"67,69";"3,77";"63,93"
SULAWESI TENGGARA;Buton Selatan;"64,99";"14,62";"7,54";7279;"67,69";"3,92";"73,4"
SULAWESI TENGGARA;Kota Kendari;"84,15";"4,87";"12,51";14356;"73,83";"5,19";"65,34"
SULAWESI TENGGARA;Kota Baubau;"76,26";"7,78";"10,91";10503;"71,25";"6,87";"68,95"
GORONTALO;Boalemo;"66,42";19;7;8940;"69,3";"3,57";"65,56"
GORONTALO;Gorontalo;"67,34";"17,89";"7,3";9412;"67,69";"2,12";"65,13"
GORONTALO;Pohuwato;"65,8";"18,08";"7,26";10409;"64,3";"2,45";"70,09"
GORONTALO;Bone Bolango;"70,25";"16,3";"8,32";10198;"68,52";"3,45";"65,09"
GORONTALO;Gorontalo Utara;"65,21";"17,23";"7,15";9064;"65,93";"2,3";"68,57"
GORONTALO;Kota Gorontalo;"77,41";"5,93";"10,37";12390;"72,53";"4,55";"63,97"
SULAWESI BARAT;Majene;"67,29";"14,34";"8,91";10028;"61,77";"2,85";"65,35"
SULAWESI BARAT;Polewali Mandar;"64,23";"15,68";"7,44";8548;"62,53";"3,38";"68,98"
SULAWESI BARAT;Mamasa;"66,63";"13,77";"7,88";7736;"70,94";"2,18";"80,24"
SULAWESI BARAT;Mamuju;"68,32";"7,46";"7,96";9494;"67,77";"3,79";"70,24"
SULAWESI BARAT;Mamuju Utara;"68,03";"4,77";"8,09";11072;"66,45";"3,13";"69,03"
SULAWESI BARAT;Mamuju Tengah;"66,18";"7,13";"7,51";8408;"68,55";"2,52";"70,84"
MALUKU;Maluku Tenggara Barat;"62,97";"27,27";"9,69";6335;"63,45";"4,4";"68,96"
MALUKU;Maluku Tenggara;"66,33";"22,73";"9,76";7580;"65,14";"5,06";"64,58"
MALUKU;Maluku Tengah;"71,32";"19,84";"9,68";10243;"66,45";"8,07";"62,59"
MALUKU;Buru;"69,33";"17,28";"8,79";10347;"66,44";"4,85";"70,82"
MALUKU;Kepulauan Aru;"63,83";"26,53";"8,83";7623;"62,96";"1,55";"65,81"
MALUKU;Seram Bagian Barat;"65,83";"25,27";"8,92";8720;"61,85";"5,65";"72,2"
MALUKU;Seram Bagian Timur;"64,3";"23,25";"8,46";9480;"59,62";"3,88";"69,07"
MALUKU;Maluku Barat Daya;"62,37";"29,55";"8,59";6918;"62,55";"1,8";"76,66"
MALUKU;Buru Selatan;"64,8";"15,89";"7,95";7600;"66,36";"1,63";"75,39"
MALUKU;Kota Ambon;"81,23";"5,02";"12,2";14148;"70,63";"11,32";"61,56"
MALUKU;Kota Tual;"68,16";"23,26";"10,53";7405;"65,68";"8,71";"60,61"
MALUKU UTARA;Halmahera Barat;"65,56";"8,95";"8,37";7467;"66,34";"3,26";"64,88"
MALUKU UTARA;Halmahera Tengah;"65,82";"13,52";"9,01";7966;"64,15";"4,23";"63,02"
MALUKU UTARA;Kepulauan Sula;"63,8";"8,23";9;7040;"63,39";"2,78";"63,76"
MALUKU UTARA;Halmahera Selatan;"64,19";"5,19";"8,1";7142;"65,93";"1,94";"68,87"
MALUKU UTARA;Halmahera Utara;"67,82";"5,22";"8,62";7519;"69,61";"8,01";"64,39"
MALUKU UTARA;Halmahera Timur;67;"15,04";"8,27";7973;"69,08";"6,78";"64,8"
MALUKU UTARA;Pulau Morotai;"62,9";"6,52";"7,4";6378;"67,35";"6,27";"67,71"
MALUKU UTARA;Pulau Taliabu;"60,73";"7,49";"7,67";6467;"62,22";"6,1";"69,23"
MALUKU UTARA;Kota Ternate;"80,14";"3,55";"11,81";13290;"71,06";"5,7";"59,58"
MALUKU UTARA;Kota Tidore Kepulauan;"70,99";"6,58";"9,95";8316;"69,43";"2,81";"66,2"
PAPUA BARAT;Fakfak;"68,52";"22,86";"8,97";7446;"68,5";"7,9";"71,53"
PAPUA BARAT;Kaimana;"65,31";"16,04";"8,58";8151;"64,93";"3,23";"75,65"
PAPUA BARAT;Teluk Wondama;"60,33";"31,61";"7,08";8034;"60,24";"2,9";"74,97"
PAPUA BARAT;Teluk Bintuni;"64,65";"29,79";"8,22";9708;"60,99";"4,74";"67,35"
PAPUA BARAT;Manokwari;"72,02";"20,56";"8,34";11977;"68,82";"7,04";"71,49"
PAPUA BARAT;Sorong Selatan;"62,46";"18,55";"7,49";6188;"66,39";"3,55";"80,07"
PAPUA BARAT;Sorong;"65,77";"27,78";"8,33";7350;"66,22";"3,36";"68,89"
PAPUA BARAT;Raja Ampat;"63,92";"17,5";"8,02";7882;"64,83";"3,81";"66,43"
PAPUA BARAT;Tambrauw;"53,71";"33,86";"5,39";4903;"60,2";"1,49";"75,61"
PAPUA BARAT;Maybrat;"59,7";"31,39";"6,96";5245;"65,25";"1,89";"81,51"
PAPUA BARAT;Manokwari Selatan;"59,85";"29,3";"6,63";5505;"67,6";"2,9";"84,61"
PAPUA BARAT;Pegunungan Arfak;"56,13";"34,7";"5,12";5009;"67,26";"0,7";"94,71"
PAPUA BARAT;Kota Sorong;"78,49";"15,35";"11,19";13744;"70,93";"9,95";"61,4"
PAPUA;Merauke;"70,49";"10,16";"8,73";10201;"67,07";"2,19";"70,69"
PAPUA;Jayawijaya;"58,67";"37,09";"5,6";7545;"59,9";"1,62";"84,14"
PAPUA;Jayapura;"72,03";"12,13";"10,05";9989;"67,16";"7,87";"67,97"
PAPUA;Nabire;"69,15";"23,83";"10,01";8856;"68,15";"3,05";"73,09"
PAPUA;Kepulauan Yapen;"67,72";"26,09";"9,47";7491;"69,17";"2,47";"63,94"
PAPUA;Biak Numfor;"72,33";"24,45";"10,34";9607;"68,29";"9,49";"69,47"
PAPUA;Paniai;"56,7";"36,59";"4,77";6377;"66,62";"0,74";"89,26"
PAPUA;Puncak Jaya;"48,99";36;"3,74";5289;"65,33";"1,74";"91,39"
PAPUA;Mimika;"74,48";"14,17";"10,18";11400;"72,36";"5,37";"64,77"
PAPUA;Boven Digoel;"61,62";"19,9";"8,79";7864;"60,32";"6,73";"79,72"
PAPUA;Mappi;"58,7";"26,05";"6,51";6327;"65,31";"4,11";"61,6"
PAPUA;Asmat;"51,29";"24,83";"5,08";5736;"58,59";"0,45";"81,16"
PAPUA;Yahukimo;"49,48";"37,64";"4,27";4895;"66,05";"2,25";"85,47"
PAPUA;Pegunungan Bintang;"46,28";"30,46";"3,04";5429;"64,54";"4,43";"87,88"
PAPUA;Tolikara;"49,6";"32,6";"3,65";4841;"65,83";"1,12";"90,61"
PAPUA;Sarmi;"63,94";"13,84";"8,83";6617;"66,46";"3,5";"68,57"
PAPUA;Keerom;"66,49";16;"8,02";8926;"66,78";"1,41";"76,91"
PAPUA;Waropen;"65,1";"29,85";"9,21";6788;"66,42";"8,56";"56,39"
PAPUA;Supiori;"62,72";"37,91";"8,87";5708;"66,06";"2,66";"68,56"
PAPUA;Mamberamo Raya;"52,18";"28,78";"5,87";4603;58;"1,91";"66,84"
PAPUA;Nduga *;"32,84";"37,18";"1,42";3976;"55,43";0;"97,93"
PAPUA;Lanny Jaya;"48,68";"38,73";"3,43";4393;"66,11";0;"95,66"
PAPUA;Mamberamo Tengah;"48,32";"36,76";"3,33";4487;"63,75";"0,9";"95,84"
PAPUA;Yalimo;"49,01";"33,25";"3,01";4664;"65,49";"0,41";"93,68"
PAPUA;Puncak;"43,17";"36,26";"2,16";5412;"65,86";"0,94";"89,43"
PAPUA;Dogiyai;55;"28,81";"4,94";5415;"65,85";"5,68";"78,2"
PAPUA;Intan Jaya;"48,34";"41,66";"3,09";5328;"65,69";"1,43";"75,75"
PAPUA;Deiyai;"49,96";"40,59";"3,25";4673;"65,36";"0,79";"85,01"
PAPUA;Kota Jayapura;"80,11";"11,39";"11,57";14937;"70,52";"11,67";"63,75"
